owner,a16b7a49-8123-3301-87e4-b304fddd0625
chicken,ec5b73f4-8ad1-389a-a579-08d4703d43bd
wolf,ee8694ea-fd3e-3147-b6b9-091b6ee967a3
adks,cb82fdd8-5f9c-3c10-9d64-f33aec58ef9f
town_dothe,1ff149fb-5894-33a9-a908-583ba8425e2a
towny_war_chest,8895c16c-cfae-3603-b813-f8649db09290
admina,93b8d7c5-1b19-3253-90b4-eea8a5a93438
admin,36881d51-7477-3eb6-91a1-dfc11065590d
town_dothes,a1a56761-bfba-318a-a776-c5dadb96ad68
fybit,ffe171c8-224e-3c82-bec9-b1c0efa3b8a6
dothe,d3dedf71-a166-31da-add6-250dfc3c5ed0
town_anhthetq,3466b5c6-bf31-37bf-a601-1e3bc7418b07
minelg,128e9dda-cae6-39dd-a8b3-60f8bb0d1659
fybit11,4ab793a6-3db7-3e5b-be5a-7cb191e8544d
dotheit,f6312626-5d9f-3546-ac85-cb42622668db
town_dop,cdd5ca45-2981-3fb0-a766-6e11d7fc0365
